Start Time (Seconds),End Time (Seconds),Duration (Seconds),Component,Energy Consumption (Joule)
0,230.865,230.865,screen dark,35.049370224
0,230.865,230.865,wifi running,0.49786037250000004
0,230.865,230.865,audio,39.828829799999994
0,0.382,0.382,audio,0.06590264
1.01,230.865,229.85500000000002,audio,39.6545846

